PRODUCT_NAME,PRODUCT_PRICE,PRODUCT_CATEGORY,PRODUCT_ID,image_url
AOR ANDROGRAPHIS,$32.99,allergy,0_000001,https://posngo.com/shop/client_products/_242_AOR04303-Andrographis-Front-08-31-2021.webp
AOR COLOSTRUM,$39.99,allergy,0_000002,https://posngo.com/shop/client_products/_242_AOR-04295-All-Life-Colostrum-120s-250cc-Wraparound-Render-Front-CAN-NV01.webp
A VOGEL DRY NOSE SPRAY,$18.99,allergy,0_000003,https://posngo.com/shop/client_products/_242_avogel-dry-nose-relief-fast-acting-nasal-spray-15ml-488721_5000x.webp
BEEKEEPERS BEE POLLEN 150GM,$26.99,allergy,0_000004,https://posngo.com/shop/client_products/_242_beekeepers-naturals-bee-pollen-raw-s1-min.png
BEEKEPRS BEE PROPOLIS SPRAY,$14.49,allergy,0_000005,https://posngo.com/shop/client_products/_242_PROPOLIS.webp
BELL HEARING HEALTH,$31.45,allergy,0_000006,https://posngo.com/shop/client_products/_242_68HearingHealthBoxCDN_530x.webp
CANPREV COLD PRO,$26.99,allergy,0_000007,https://posngo.com/shop/client_products/_242_1647366303_CP-Cold-ProImmuneFormula-90vcaps-RGB-195210-V1_839_1430-768x768.png
ECHINACEA & GOLD 225MG 100 VCAPS,$30.99,allergy,0_000008,https://posngo.com/shop/client_products/_242_echgldn.jpg
ECHINAFORCE HOT DRINK,$13.99,allergy,0_000009,https://posngo.com/shop/client_products/_242_avogel-echinaforce-extra-hot-drink-with-elderberry-immune-system-support-100ml-469076_5000x.webp
ECHINAFORCE SPRAY,$14.99,allergy,0_000010,https://posngo.com/shop/client_products/_242_avogel-echinaforce-sore-throat-spray-fast-acting-relief-30ml-532675_5000x.webp
ENER-C SUGAR FREE LEMON GINGER,$19.99,allergy,0_000011,https://posngo.com/shop/client_products/_242_Ener_C-Carton-SF_Lemon_Ginger-LEFT_RGB_500x.webp
ENER-C SUGAR FREE PASSIONFRUIT,$19.99,allergy,0_000012,https://posngo.com/shop/client_products/_242_Ener_C-Carton-SF_Passionfruit-LEFT_RGB_500x.webp
FLORA ELDERBERRY CRYSTALS,$19.99,allergy,0_000013,https://posngo.com/shop/client_products/_242_ElderberryCrystals-50g-CA-800x850-1_2000x.webp
FLORA MANUKA HONEY 250G,$38.99,allergy,0_000014,https://posngo.com/shop/client_products/_242_Manuka-Honey_30MGO_250g_CDN_2000x.webp
GOL OREGANO OIL,$24.99,allergy,0_000015,https://posngo.com/shop/client_products/_242_oil-of-oregano-liquid-whats-inside-530x530_3_.webp
HERBION COUGH LOZ,$3.99,allergy,0_000016,https://posngo.com/shop/client_products/_242_CLHL-18-FR72.jpg
HERBION COUGH SYRUP,$10.99,allergy,0_000017,https://posngo.com/shop/client_products/_242_CSSF-EN72.jpg
HERBION COUGH SYRUP KIDS,$13.99,allergy,0_000018,https://posngo.com/shop/client_products/_242_CSFC-EN72.jpg
HERBION SF COUGH LOZ CHERRY,$3.99,allergy,0_000019,https://posngo.com/shop/client_products/_242_71wIWHOMudL._AC_SL1500_.jpg
HERBION SF COUGH LOZ ORANGE,$3.99,allergy,0_000020,https://posngo.com/shop/client_products/_242_CLORSF-18-EN72.jpg
HONIBE ADULT IMMUNE BOOST 70's,$19.99,allergy,0_000021,https://posngo.com/shop/client_products/_242_immune-en.webp
HONIBE KIDS IMMUNE BOOST,$19.99,allergy,0_000022,https://posngo.com/shop/client_products/_242_kids-immune-english.webp
IMMUNE ESSENTIALS 1 SERV,$1.49,allergy,0_000023,https://posngo.com/shop/client_products/_242_51lJT-rq0CL._AC_.jpg
INNOTECH IMMUNE ESSENTIALS LMN,$39.99,allergy,0_000024,https://posngo.com/shop/client_products/_242_s179162722891322509_p15_i1_w2400.webp
INNOTECH IMMUNE ESSENTIALS ORG,$39.99,allergy,0_000025,https://posngo.com/shop/client_products/_242_s179162722891322509_p15_i1_w2400.webp
INNOV ELDERBERRY 90CAPS,$22.99,allergy,0_000026,https://posngo.com/shop/client_products/_242_elderberry.png
JOTM OREGANO 10ML,$16.99,allergy,0_000027,https://posngo.com/shop/client_products/_242_Oil-of-Oregano-Liquid-15ml.png
JOTM OREGANO 15ML,$19.99,allergy,0_000028,https://posngo.com/shop/client_products/_242_Oil-of-Oregano-Liquid-15ml.png
JOTM OREGANO 30ML,$29.99,allergy,0_000029,https://posngo.com/shop/client_products/_242_Oil-of-Oregano-Liquid-15ml-600x600.png
JOTM OREGANO CAPS,$39.99,allergy,0_000030,https://posngo.com/shop/client_products/_242_JOTM-Capsules-Product-Image-300x300.png
KIDZ COLD AND SINUS 25ML,$15.99,allergy,0_000031,https://posngo.com/shop/client_products/_242_kidz-cold-sinus-oral-solution-les-zamis.jpg
KIDZ COUGH 250ML,$18.99,allergy,0_000032,https://posngo.com/shop/client_products/_242_kidz-cough-syrup-les-zamis.jpg
KIDZ IMMUNITY,$19.99,allergy,0_000033,https://posngo.com/shop/client_products/_242_immunity-strenght-syrup-les-zamis.jpg
KYOLIC IMMUNI SHIELD,$22.99,allergy,0_000034,https://posngo.com/shop/client_products/_242_339155-tinified-600x600.jpg
MANUKA HONEY DRPS F&C,$11.49,allergy,0_000035,https://posngo.com/shop/client_products/_242_CDN-Drops-HONEY-FRONT-2020-3069x3069-9448329_600x600.jpg
MANUKA LEMON DROPS,$11.49,allergy,0_000036,https://posngo.com/shop/client_products/_242_WS_CAN-Drops-Lemon-F_600x600.png
MF ELDERBERRY GUMMIES,$29.99,allergy,0_000037,https://posngo.com/shop/client_products/_242_download.jpg
NAKA BLACK SEED OIL 2300MG 300ML ND,$39.99,allergy,0_000038,https://posngo.com/shop/client_products/_242_a0054197.jpg
NAKA IMMUNE STRENGTH,$16.99,allergy,0_000039,https://posngo.com/shop/client_products/_242_Immune-90caps_1024x1024%402x.webp
NC ELDERBERRY GUMMIES,$26.99,allergy,0_000040,https://posngo.com/shop/client_products/_242_DTC_GMEB_A21__27113.png
NF ANTIVIRAL 120SG,$39.99,allergy,0_000041,https://posngo.com/shop/client_products/_242_AntiViral120sg_1200x1200.webp
NF ANTIVIRAL 60SG,$21.99,allergy,0_000042,https://posngo.com/shop/client_products/_242_antiviral.png
NF ANTI VIRAL TINC 100ML,$26.49,allergy,0_000043,https://posngo.com/shop/client_products/_242_antiviraltinc.png
NF ANTIVIRAL TINC 50ML,$14.99,allergy,0_000044,https://posngo.com/shop/client_products/_242_ANTIV_50_800x.webp
NF BEE PROPOLIS,$12.99,allergy,0_000045,https://posngo.com/shop/client_products/_242_nf%20bp.png
NF BEE PROPOLIS 500MG 90CAP,$18.99,allergy,0_000046,https://posngo.com/shop/client_products/_242_bhjyh8qiccutvyv2kczp_1100x.webp
NF BLCK ELDRBRY,$14.99,allergy,0_000047,https://posngo.com/shop/client_products/_242_download.jpg
NF C EXTRA 180s,$23.49,allergy,0_000048,https://posngo.com/shop/client_products/_242_1322_NF_CEHR_3c200ec0-27b1-4651-b425-05861b43c7fa.webp
NF C EXTRA 90s,$12.99,allergy,0_000049,https://posngo.com/shop/client_products/_242_1321_nf_cehr.jpg
NF C EXTRA + QUERC,$33.49,allergy,0_000050,https://posngo.com/shop/client_products/_242_download%20%282%29.jpg
NF COLD/COUGH SYRUP,$16.99,allergy,0_000051,https://posngo.com/shop/client_products/_242_4760__CEHR.png
NF ECH GDNSL TINC 100ML,$29.99,allergy,0_000052,https://posngo.com/shop/client_products/_242_4730__CEHR.png
NF ECH GLDNSL TINC 50ML,$15.99,allergy,0_000053,https://posngo.com/shop/client_products/_242_download%20%283%29.jpg
NF ECHINACEA TINC 50ML,$14.49,allergy,0_000054,https://posngo.com/shop/client_products/_242_download.jpg
NF ECHIN QUICK BLAST LOZ 30LIQ GEL,$10.99,allergy,0_000055,https://posngo.com/shop/client_products/_242_download.jpg
NF LIPO QUERCETIN 120SG,$65.99,allergy,0_000056,https://posngo.com/shop/client_products/_242_download%20%282%29.jpg
NF OIL OF OREGANO 15ML,$14.99,allergy,0_000057,https://posngo.com/shop/client_products/_242_OR.jpg
NF OIL OF OREGANO 30ML,$16.97,allergy,0_000058,https://posngo.com/shop/client_products/_242_OR30.png
NF OIL OF OREGANO 30SG,$11.99,allergy,0_000059,https://posngo.com/shop/client_products/_242_download%20%283%29.jpg
NF OIL OF OREGANO 60ML,$43.99,allergy,0_000060,https://posngo.com/shop/client_products/_242_download%20%284%29.jpg
NF OLIVE LEAF 500MG 90CAP,$23.49,allergy,0_000061,https://posngo.com/shop/client_products/_242_download%20%283%29.jpg
NF TEA TREE OIL 50ML,$17.99,allergy,0_000062,https://posngo.com/shop/client_products/_242_4350_2400x2400.jpg
NF ZINC LOZ,$12.49,allergy,0_000063,https://posngo.com/shop/client_products/_242_1689_3d.jpg
NIN JIOM SYRUP 300ML,$21.99,allergy,0_000064,https://posngo.com/shop/client_products/_242_L5354931.jpg
NIN JOIM COUGH SYRUP,$7.99,allergy,0_000065,https://posngo.com/shop/client_products/_242_L5354931.jpg
NOW ASTRAGALUS EXTR,$19.99,allergy,0_000066,https://posngo.com/shop/client_products/_242_NOW84598_01.png
NOW ELDERBERRY LOZ,$8.99,allergy,0_000067,https://posngo.com/shop/client_products/_242_download.jpg
NOW ELDERBERRY SYRUP,$23.99,allergy,0_000068,https://posngo.com/shop/client_products/_242_NOW84852_01.png
NOW SAMBUCUS ZIN-C LOZ,$17.99,allergy,0_000069,https://posngo.com/shop/client_products/_242_NOW83384_01.png
NOW SILVER SOL 237ML,$28.49,allergy,0_000070,https://posngo.com/shop/client_products/_242_NOW81408_01.png
NR COLOSTRUM PWD,$64.99,allergy,0_000071,https://posngo.com/shop/client_products/_242_a0002588.jpg
NR OLIVE LEAF EXTRACT 60VCAPS,$37.99,allergy,0_000072,https://posngo.com/shop/client_products/_242_a0002675.png
NR RESPIRA RESQ 90VCAPS,$26.99,allergy,0_000073,https://posngo.com/shop/client_products/_242_0443095__80665.jpg
NR SIMPLY SPIRULINA 1000MG 360TAB,$83.99,allergy,0_000074,https://posngo.com/shop/client_products/_242_1660_NRH_Simply_Spirulina_227g_5000x.webp
NR WILD OREGANO 15ML,$13.49,allergy,0_000075,https://posngo.com/shop/client_products/_242_a0002676_1%20%281%29.jpg
NR WILD OREGANO C93,$24.99,allergy,0_000076,https://posngo.com/shop/client_products/_242_a0002676_1.jpg
NR WILD OREGANO C93 15ML,$21.99,allergy,0_000077,https://posngo.com/shop/client_products/_242_a0002676_1.jpg
NR WILD OREGANO C93 50ML,$36.99,allergy,0_000078,https://posngo.com/shop/client_products/_242_51wU7itc1AL._AC_SX425_.jpg
NUTRIBIOTIC GSE 59ML,$30.99,allergy,0_000079,https://posngo.com/shop/client_products/_242_72817701000F.jpg
NUTRIBIOTIC GSE CAPS,$46.99,allergy,0_000080,https://posngo.com/shop/client_products/_242_72817701015F.jpg
OLBAS INHALER,$9.99,allergy,0_000081,https://posngo.com/shop/client_products/_242_LIN.webp
OLIVE LEAF 500MG 60 VCAPS,$12.49,allergy,0_000082,https://posngo.com/shop/client_products/_242_sghwoagok6lmxla4rzcm.webp
OREGANO 450MG 100 VCAPS,$12.49,allergy,0_000083,https://posngo.com/shop/client_products/_242_download%20%281%29.jpg
OREGANO 8 30VCAPS,$27.99,allergy,0_000084,https://posngo.com/shop/client_products/_242_plat1715.1684274272.png
OREGANO 8 60SG,$49.99,allergy,0_000085,https://posngo.com/shop/client_products/_242_Oregano-8Cold_Flu-60-412-shadow_1280x.webp
OREGANO 8 90S BNS,$49.99,allergy,0_000086,https://posngo.com/shop/client_products/_242_Platinum-Oregano-8-90caps.webp
OREGANOC 8 72BNS,$48.99,allergy,0_000087,https://posngo.com/shop/client_products/_242_plat1712_1.1684245255.png
OREGANO+D3 EXTR ST,$24.99,allergy,0_000088,https://posngo.com/shop/client_products/_242_Untitleddesign-2021-05-05T104823.785.webp
OREGANO OIL 90 SGELS,$23.99,allergy,0_000089,https://posngo.com/shop/client_products/_242_81EN3CFA63L._AC_SL1500_.jpg
OTOLAYA SPRAY,$18.99,allergy,0_000090,https://posngo.com/shop/client_products/_242_inebios-laboratoires-soins-beaute-otolaya-hygiene-de-l-oreille-50ml-36941741654257_500x.webp
PHYTOPLANKTIN 30s,$38.99,allergy,0_000091,https://posngo.com/shop/client_products/_242_mal-1000-marine-phytoplankton-natural-supplement-30pills__16487.jpg
PN CITRUS SOOTHER,$29.99,allergy,0_000092,https://posngo.com/shop/client_products/_242_PN-Citrus-Soother-Wide-150-g-WEB.jpg
PN EPHEDERINE 50TB,$4.99,allergy,0_000093,https://posngo.com/shop/client_products/_242_original.jpg
PN HAND SANITIZER UNSC,$14.99,allergy,0_000094,https://posngo.com/shop/client_products/_242_PN-Germ-Force-1-liter-WEB.jpg
PN HAND SANTIZER LAV,$14.99,allergy,0_000095,https://posngo.com/shop/client_products/_242_platinum_naturals_hand_sanitizer_-_lavender_250ml%20%281%29.png
PN PH PAPER,$9.99,allergy,0_000096,https://posngo.com/shop/client_products/_242_PN-pH-Paper-Box-100-Strips-INT-WEB.jpg
PN QUERCETIN 500 120s ND,$44.99,allergy,0_000097,https://posngo.com/shop/client_products/_242_PN-Quercetin-120-VCaps-WEB.jpg
PRO OREGANO+BLACK CUMIN OIL 30ML,$15.49,allergy,0_000098,https://posngo.com/shop/client_products/_242_Pro-Oregano-30ml-scaled-1.jpg
PROVITA GOLDENSEAL C1000 90CAPS,$29.99,allergy,0_000099,https://posngo.com/shop/client_products/_242_GOLDENSEALCOPTIS.webp
PURICA PREVAIL 30ML,$19.99,allergy,0_000100,https://posngo.com/shop/client_products/_242_Prevail-boxes-and-bottle-cropped.png
QUANTUM THERAZIN LOZENGES,$4.99,allergy,0_000101,https://posngo.com/shop/client_products/_242_thumb_1128_309_309_0_0_auto_up.webp
RHINOLAYA ADULTS,$18.99,allergy,0_000102,https://posngo.com/shop/client_products/_242_isotonic-nasal-spray-rhinolaya-hygiene-100ml.jpg
RHINOLAYA FORT,$18.99,allergy,0_000103,https://posngo.com/shop/client_products/_242_rhinolaya-fort-nez-bouche-spray-50ml-inebios.jpg
RHINOLAYA KIDS,$18.99,allergy,0_000104,https://posngo.com/shop/client_products/_242_rhinolaya-kids-hygiene-spray-nasal-50ml.jpg
RHINOLAYA PROTECT,$18.99,allergy,0_000105,https://posngo.com/shop/client_products/_242_rhinolaya-protect-allergy-spray-inebios-50ml.jpg
SF DEEP IMMUNE KIDS,$21.99,allergy,0_000106,https://posngo.com/shop/client_products/_242_DeepImmuneKids_mainimage.jpg
ST FRANCIS ALLERGY RELIEF,$23.99,allergy,0_000107,https://posngo.com/shop/client_products/_242_Allergy_Relief_Nasal_Spray_30_EN-Alive2022.jpg
ST FRANCIS ALLERGY RELIEF BNS,$39.99,allergy,0_000108,https://posngo.com/shop/client_products/_242_ARwithDI_plus_ARnasalspray_bundle_EN.jpg
St. Francis Astragalus,$30.99,allergy,0_000109,https://posngo.com/shop/client_products/_242_Astragalus_60.jpg
ST FRANCIS DEEP IMMUNE 50ML,$23.49,allergy,0_000110,https://posngo.com/shop/client_products/_242_DeepImmune-Alive2022.jpg
ST FRANCIS DP IMM LICORICE FREE,$23.99,allergy,0_000111,https://posngo.com/shop/client_products/_242_DeepImmuneLicoriceFree_mainimage.jpg
ST FRANCIS ELDERBRY,$20.99,allergy,0_000112,https://posngo.com/shop/client_products/_242_ElderberryCoughSyrup_mainimage.jpg
ST FRANCIS ELDRBRY KIDS,$20.99,allergy,0_000113,https://posngo.com/shop/client_products/_242_ElderberryCoughSyrupKids_mainimage.jpg
ST FRANCIS OLIVE LEAF,$30.49,allergy,0_000114,https://posngo.com/shop/client_products/_242_OliveLeaf_Capsules_EN.jpg
ST FRANCIS PROPOLIS 50ML,$21.99,allergy,0_000115,https://posngo.com/shop/client_products/_242_Propolis_100.jpg
ST FRANCIS STP IT COLD,$19.99,allergy,0_000116,https://posngo.com/shop/client_products/_242_ThroatSpray_mainimage.jpg
ST FRANCIS VIRAFECT 50ML TINC,$21.99,allergy,0_000117,https://posngo.com/shop/client_products/_242_Virafect_mainimage.jpg
STODAL COUGH SYRUP ADULTS,$16.99,allergy,0_000118,https://posngo.com/shop/client_products/_242_stodal-adulte_miel200ml_AN_3-e1662142067939.png
STODAL COUGH SYRUP KIDS,$16.99,allergy,0_000119,https://posngo.com/shop/client_products/_242_STODAL_CHILDREN_MULTISYMPTOMS_800X800px_ENG-e1661962588525.png
SURO 5:1 CONC. ELDERBERRY,$17.99,allergy,0_000120,https://posngo.com/shop/client_products/_242_boite-5-1-anglais3-600x600.png
SURO ELDERBERRY SYRUP KIDS,$24.99,allergy,0_000121,https://posngo.com/shop/client_products/_242_boite-5-1-anglais3-600x600.png
SURO ELDRBRY 60CAPS,$24.99,allergy,0_000122,https://posngo.com/shop/client_products/_242_920985c6d43361eaf5fdbb6df820b2f7_ra%2Cw380%2Ch380_pa%2Cw380%2Ch380.png
SURO ELD SYRUP19+ 236ML,$24.99,allergy,0_000123,https://posngo.com/shop/client_products/_242_19.jpg
SURO ELD SYRUP KIDS 236ML,$24.99,allergy,0_000124,https://posngo.com/shop/client_products/_242_Box-3-A-400x400.jpg
SURO ORG ELDRBRY SYRUO 118ML,$21.99,allergy,0_000125,https://posngo.com/shop/client_products/_242_download%20%283%29.jpg
SURO ORG ELDRBRY SYRUP 236ML,$24.99,allergy,0_000126,https://posngo.com/shop/client_products/_242_download%20%283%29.jpg
VOGEL ALLERGY RELIEF 120TAB,$18.99,allergy,0_000127,https://posngo.com/shop/client_products/_242_allergy-relief-tablets-120-tabs-126752_5000x.webp
VOGEL ALLERGY RELIEF KIDS,$18.99,allergy,0_000128,https://posngo.com/shop/client_products/_242_avogel-echinaforce-junior-tabs-immune-system-support-189028_5000x.webp
VOGEL ALLERGY RELIEF SPRAY,$18.99,allergy,0_000129,https://posngo.com/shop/client_products/_242_allergy-relief-nasal-spray-20-ml-fast-acting-754219_5000x.webp
VOGEL ECHINACEA 120TAB,$49.99,allergy,0_000130,https://posngo.com/shop/client_products/_242_echinaforce-tablets-immune-system-support-120-tabs-166106_5000x.jpg
VOGEL ECHINACEA EXTRA,$19.99,allergy,0_000131,https://posngo.com/shop/client_products/_242_avogel-echinaforce-extra-tablets-immune-system-support-298841_5000x.webp
VOGEL ECHINAFORCE JUNIOR,$18.99,allergy,0_000132,https://posngo.com/shop/client_products/_242_avogel-echinaforce-junior-tabs-immune-system-support-189028_5000x.webp
VOGEL ECHIN LOZ,$3.99,allergy,0_000133,https://posngo.com/shop/client_products/_242_avogel-echinacea-lozenges-30-gr-508169_5000x.webp
WC BEE POLLEN 250gm,$17.99,allergy,0_000134,https://posngo.com/shop/client_products/_242_a0036097.jpg
AOR GLUTAMINE PWD,$44.99,amino,0_000135,https://posngo.com/shop/client_media/242_Untitled%20design.png
ARGININE 500MG 100 VCAPS,$16.49,amino,0_000136,https://posngo.com/shop/client_products/_242_AOR04009-L-Glutamine-Powder-Front-08-31-2021.webp
ARGININE 500MG 250 CAPS,$34.49,amino,0_000137,https://posngo.com/shop/client_products/_242_NOW80030_01.png
BIO-X ARGININE,$29.99,amino,0_000138,https://posngo.com/shop/client_products/_242_d245b70a-4559-4e3f-8606-cdf512d7d7ed.c517e81f310cb34a1b687a7d87dc0518.webp
BIO X BETA ALANINE,$29.99,amino,0_000139,https://posngo.com/shop/client_products/_242_ArginineHCL500g1022ans-2-min-2-768x660.png
BIO X GLUTAMINE RUSH 1000G,$54.99,amino,0_000140,https://posngo.com/shop/client_products/_242_BetaAlanine500g1022ans-min-2-768x660.png
BIO X GLUTAMINE RUSH 250G,$12.99,amino,0_000141,https://posngo.com/shop/client_products/_242_GlutamineRush_1000g_1022_ns-1-min-2-768x661.png
BIO X GLUTAMINE RUSH 400G,$29.99,amino,0_000142,https://posngo.com/shop/client_products/_242_ans-glutamine.jpg
BIO X L-CARNITINE LIQUID BLU RSBRY,$19.99,amino,0_000143,https://posngo.com/shop/client_products/_242_biox-glutamine-rush-250g-50-servings-unflavoured.jpg
CANPREV LTHEANINE 250MG+MG 90VCAP,$23.49,amino,0_000144,https://posngo.com/shop/client_products/_242_L-CarnitineLiquid473ml1122ns-min-2-768x864.png
CANPREV NAC+ 120VCAP,$29.99,amino,0_000145,https://posngo.com/shop/client_products/_242_1661972730_CP-L-TheaninewithMagnesium-90vcaps-RGB-195420-V2_839_1430.webp
CANPREV VEGAN ARGININE PWD,$39.99,amino,0_000146,https://posngo.com/shop/client_products/_242_1647357297_CP-NACN-Acetyl-L-Cysteine-120vcaps-RGB-195519-V1_839_1430.webp
CANPREV VEGAN GLUTAMINE,$39.99,amino,0_000147,https://posngo.com/shop/client_products/_242_1647434884_CP-L-ArginineVeganAminoAcid-450g-RGB-195513-V1_839_1430.webp
CANPREV VEGAN GLYCINE PWD,$36.99,amino,0_000148,https://posngo.com/shop/client_products/_242_1647434986_CP-L-GlutamineVeganAminoAcid-450g-RGB-195522-V1_839_1430.webp
CANPREV VEGAN LYSINE PWD,$26.99,amino,0_000149,https://posngo.com/shop/client_products/_242_1647521010_CP-L-GlycineVeganAminoAcid-450g-RGB-195514-V1_839_1430%20%281%29.webp
CANPREV VEGAN TAURINE,$31.49,amino,0_000150,https://posngo.com/shop/client_products/_242_1647435101_CP-L-LysineVeganAminoAcid-300g-RGB-195515-V1_839_1430.webp
CANPREV VEGAN TYROSINE PWD,$33.99,amino,0_000151,https://posngo.com/shop/client_products/_242_allergy-relief-junior-tablets-120-tabs-872570_5000x.webp
CARNITINE 500MG 180 VCAPS,$44.99,amino,0_000152,https://posngo.com/shop/client_products/_242_1647435275_CP-L-TyrosineVeganAminoAcid-220g-RGB-195517-V1_839_1430.webp
CARNITINE 500MG 60 VCAPS,$17.49,amino,0_000153,https://posngo.com/shop/client_products/_242_download.jpg
CITRULLINE PWD 113G,$23.99,amino,0_000154,https://posngo.com/shop/client_products/_242_NOW80072_01.png
DLPA 500mg,$28.99,amino,0_000155,https://posngo.com/shop/client_products/_242_NOW80083_01.png
FASTING DAYS SINGLE SERVING,$2.29,amino,0_000156,https://posngo.com/shop/client_products/_242_LCH-VectorRender-DLPA.webp
GLYCINE 1000MG 100 VCAPS,$18.99,amino,0_000157,https://posngo.com/shop/client_products/_242_images.jpg
INNOTECH BCAA UNFLVD,$34.99,amino,0_000158,https://posngo.com/shop/client_products/_242_NOW80107_01.png
IRVG FRMNTD GLUTAMINE,$25.99,amino,0_000159,https://posngo.com/shop/client_products/_242_download.jpg
L-THEANINE 250MG 75 VCAPS BNS ND,$17.99,amino,0_000160,https://posngo.com/shop/client_products/_242_1066d5413392b1495fb4019b5b21bb8c89fa1d1ab3d0d7e1a2eef7f557a99cd9_2048x.webp
LV 5 HTP 120s,$39.99,amino,0_000161,https://posngo.com/shop/client_products/_242_L-theanine_1fbf609a-5688-4716-99f1-6f4aacbfa9bb_1024x1024%402x.webp
MAMMOTH BCAA PEACH MANGO 520G,$36.99,amino,0_000162,https://posngo.com/shop/client_products/_242_vvs-Lorna-Vanderhaeghe-Smile-5-HTP-120-Tabs_1024x1024.webp
MAMMOTH BCAA SUPER FRUIT 520G,$36.99,amino,0_000163,https://posngo.com/shop/client_products/_242_2020_mammoth_bcaa_peach_mango_365cd3aa-211a-4d22-ac56-d53bc40c7d5a_1000x1500.webp
MAMMOTH EAA CANDY PCH,$39.99,amino,0_000164,https://posngo.com/shop/client_products/_242_2020_mammoth_bcaa_superfruit_e5612086-d3fb-4680-84bb-b801d03f8c53_1000x1500.webp
MAMMOTH EAA FRT PNCH,$39.99,amino,0_000165,https://posngo.com/shop/client_products/_242_2020_mammoth_bcaa_candy_peacht_40_1000x1500.webp
MAMMOTH EAA RCKT POP,$39.99,amino,0_000166,https://posngo.com/shop/client_products/_242_2020_mammoth_bcaa_superfruit_40_1000x1500.webp
MAMMOTH L-CARN 1500 BLUE RASPBERRY,$19.99,amino,0_000167,https://posngo.com/shop/client_products/_242_2020_eaa_rocket_pop_1000x1500.webp
MAMMOTH L-CARN 1500 RAINBOW CANDY,$19.99,amino,0_000168,https://posngo.com/shop/client_products/_242_l_carnitine_blue_raspberry_1000x1500.webp
NAC 1000MG 120 TABS,$54.99,amino,0_000169,https://posngo.com/shop/client_products/_242_2030_lcarnitine_shopify_1000x1500.webp
NAC 600MG 100 VCAPS,$24.99,amino,0_000170,https://posngo.com/shop/client_products/_242_NOW80185_01.png
NF 5-HTP 100MG 60CAPL,$24.99,amino,0_000171,https://posngo.com/shop/client_products/_242_NOW80085_01.png
NF ACETYL L CARNITINE 500MG 60VCAP,$16.99,amino,0_000172,https://posngo.com/shop/client_products/_242_jud1viriwgcw2kaqcqxt_750x.webp
NF ARGININE 1000MG 90TB,$20.49,amino,0_000173,https://posngo.com/shop/client_products/_242_ngyciqw6lekcs7ktxtan_750x.webp
NF ARGININE 500MG 90VCAP,$8.99,amino,0_000174,https://posngo.com/shop/client_products/_242_zt1vthqozfioch9q0pdm_1800x1800.webp
NF L-ARGININE 1000MG 180'S,$37.99,amino,0_000175,https://posngo.com/shop/client_products/_242_xeccoemcnrb5k9uwznch_750x.webp
NF L CARNITINE 500MG 60VCAP,$18.99,amino,0_000176,https://posngo.com/shop/client_products/_242_mlya4w5r7qhepfwbgxh8_750x.webp
NF L CARNOSINE 500MG 60VCAP,$52.99,amino,0_000177,https://posngo.com/shop/client_products/_242_bexyvkcoxglyphwnnyxp.webp
NF L-GLUTAMINE 1000MG 60'S,$19.99,amino,0_000178,https://posngo.com/shop/client_products/_242_8.avif
NF L GLUTAMINE 500MG 60VCAP,$9.99,amino,0_000179,https://posngo.com/shop/client_products/_242_2857-7_L-Glutamine_HGR175W_E_540x.webp
NF LYSINE 1000mg 60 tab,$15.99,amino,0_000180,https://posngo.com/shop/client_products/_242_NF2820_NF_CEF-163x300_5000x.avif
NF MENTAL CALM THEANINE 250,$19.99,amino,0_000181,https://posngo.com/shop/client_products/_242_a0060339_1_.png
NF MICR GLUTAMINE,$24.99,amino,0_000182,https://posngo.com/shop/client_products/_242_natural-factors-l-theanine-250mg-90-v-capas.1685391373.png
NF MUSCLE REC AND GRW 156GM,$21.99,amino,0_000183,https://posngo.com/shop/client_products/_242_2804_nf_cehr.jpg
NF NAC 600MG 180CAPS ND,$33.99,amino,0_000184,https://posngo.com/shop/client_products/_242_d1w9ixzvuk39gi0dkk8u_750x.webp
NF NAC 600MG 60VCAP,$14.99,amino,0_000185,https://posngo.com/shop/client_products/_242_e208104e-e0c7-41bf-baab-21ab16c1b6fe_1024x1024.webp
NF NAC 90VCAPS,$18.99,amino,0_000186,https://posngo.com/shop/client_products/_242_22.avif
NOW ACETYL-L-CARTINITINE,$29.99,amino,0_000187,https://posngo.com/shop/client_products/_242_22%20%281%29.avif
NOW ARGININE 1000MG 120 TABS,$39.99,amino,0_000188,https://posngo.com/shop/client_products/_242_NOW80076_01.png
NOW L-Carnitine 100tab,$42.49,amino,0_000189,https://posngo.com/shop/client_products/_242_NOW80035_01.png
NOW L-Citrulline,$25.99,amino,0_000190,https://posngo.com/shop/client_products/_242_NOW80076_01%20%281%29.png
NOW L- GLUTAMINE 120CAPS,$37.99,amino,0_000191,https://posngo.com/shop/client_products/_242_0083_mainimage.png
NOW L-PHENYLALANINE,$21.49,amino,0_000192,https://posngo.com/shop/client_products/_242_0092_mainimage.png
NOW LYSINE 1000MG 100 TABS,$19.99,amino,0_000193,https://posngo.com/shop/client_products/_242_NOW80130_01%20%281%29.png
NOW LYSINE 500MG 100 CAPS,$11.49,amino,0_000194,https://posngo.com/shop/client_products/_242_NOW80113_01.png
NOW LYSINE PWD,$24.99,amino,0_000195,https://posngo.com/shop/client_products/_242_NOW80110_01.png
NOW TAURINE 1000MG 250CAPS,$59.99,amino,0_000196,https://posngo.com/shop/client_products/_242_NOW80240_01.png
NOW TAURINE 500MG 100VCAP,$16.49,amino,0_000197,https://posngo.com/shop/client_products/_242_NOW80142_01.png
NOW TAURINE POWDER,$25.99,amino,0_000198,https://posngo.com/shop/client_products/_242_NOW80140_01.png
NR ACETYL-L-CARNITINE 750MG,$24.99,amino,0_000199,https://posngo.com/shop/client_products/_242_NOW80260_01.png
NR AMINO MIX,$39.99,amino,0_000200,https://posngo.com/shop/client_products/_242_New_Roots_N_Acetyl_L_Carnitine_750_mg_90_VCaps_Image_0_200x.avif
NR METHIONINE,$21.99,amino,0_000201,https://posngo.com/shop/client_products/_242_1167_NRH_Amino_mix_240t_EN.jpg
NR NAC 600MG,$29.99,amino,0_000202,https://posngo.com/shop/client_products/_242_148_NRH_L-Methionine_500mg_50c_EN.jpg
NUTRI NAC 600MG 150 CAPS ND,$31.99,amino,0_000203,https://posngo.com/shop/client_products/_242_New_Roots_N-AcetylCysteine_600mg_180_Veg_Capsules__87303.jpg
CHLOROPHYLL+MINT LIQ 473ML,$36.49,green,0_000204,https://posngo.com/shop/client_products/_242_Naka_Platinum_Nutri_NAC_600_mg_BONUS_SIZE_150_VCaps_Image_7_500x.webp
ARNICA CREAM,$23.49,bones,0_000205,https://posngo.com/shop/client_products/_242_Naka_Platinum_Nutri_NAC_600_mg_BONUS_SIZE_150_VCaps_Image_7_500x.webp
"WES PROT+GREENS, UNFLVD",$64.99,proteins,0_000206,https://posngo.com/shop/client_products/_242_Naka_Platinum_Nutri_NAC_600_mg_BONUS_SIZE_150_VCaps_Image_7_500x.webp
BIO X STEEL SHAKER,$14.99,shaker_cups,0_000207,https://posngo.com/shop/client_products/_242_Naka_Platinum_Nutri_NAC_600_mg_BONUS_SIZE_150_VCaps_Image_7_500x.webp
CANPREV STEEL SHAKER,$22.99,shaker_cups,0_000208,https://posngo.com/shop/client_products/_242_Naka_Platinum_Nutri_NAC_600_mg_BONUS_SIZE_150_VCaps_Image_7_500x.webp
INNOTECH SHAKER CUP,$14.99,shaker_cups,0_000209,https://posngo.com/shop/client_products/_242_Naka_Platinum_Nutri_NAC_600_mg_BONUS_SIZE_150_VCaps_Image_7_500x.webp
PERFORMA BATMAN SHAKER,$14.99,shaker_cups,0_000210,https://posngo.com/shop/client_products/_242_Naka_Platinum_Nutri_NAC_600_mg_BONUS_SIZE_150_VCaps_Image_7_500x.webp
PERFORMA BC LIONS SHAKER,$14.99,shaker_cups,0_000211,https://posngo.com/shop/client_products/_242_Naka_Platinum_Nutri_NAC_600_mg_BONUS_SIZE_150_VCaps_Image_7_500x.webp
PERFORMA BLUSH,$10.99,shaker_cups,0_000212,https://posngo.com/shop/client_products/_242_Naka_Platinum_Nutri_NAC_600_mg_BONUS_SIZE_150_VCaps_Image_7_500x.webp
PERFORMA FLASH SHAKER,$14.99,shaker_cups,0_000213,https://posngo.com/shop/client_products/_242_Naka_Platinum_Nutri_NAC_600_mg_BONUS_SIZE_150_VCaps_Image_7_500x.webp
PERFORMA GOLD,$9.99,shaker_cups,0_000214,https://posngo.com/shop/client_products/_242_Naka_Platinum_Nutri_NAC_600_mg_BONUS_SIZE_150_VCaps_Image_7_500x.webp
PERFORMA GREEN LANTREN SHAKER,$14.99,shaker_cups,0_000215,https://posngo.com/shop/client_products/_242_Naka_Platinum_Nutri_NAC_600_mg_BONUS_SIZE_150_VCaps_Image_7_500x.webp
PERFORMA HARLEY QUINN SHAKER,$14.99,shaker_cups,0_000216,https://posngo.com/shop/client_products/_242_Naka_Platinum_Nutri_NAC_600_mg_BONUS_SIZE_150_VCaps_Image_7_500x.webp
PERFORMA LOKI,$14.99,shaker_cups,0_000217,https://posngo.com/shop/client_products/_242_Naka_Platinum_Nutri_NAC_600_mg_BONUS_SIZE_150_VCaps_Image_7_500x.webp
PERFORMA MEDUSSA,$14.99,shaker_cups,0_000218,https://posngo.com/shop/client_products/_242_Naka_Platinum_Nutri_NAC_600_mg_BONUS_SIZE_150_VCaps_Image_7_500x.webp
PERFORMA MET SILV,$9.99,shaker_cups,0_000219,https://posngo.com/shop/client_products/_242_Naka_Platinum_Nutri_NAC_600_mg_BONUS_SIZE_150_VCaps_Image_7_500x.webp
PERFORMA POSEIDON,$14.99,shaker_cups,0_000220,https://posngo.com/shop/client_products/_242_Naka_Platinum_Nutri_NAC_600_mg_BONUS_SIZE_150_VCaps_Image_7_500x.webp
PERFORMA SERENITY,$10.99,shaker_cups,0_000221,https://posngo.com/shop/client_products/_242_Naka_Platinum_Nutri_NAC_600_mg_BONUS_SIZE_150_VCaps_Image_7_500x.webp
PERFORMA SUPERGIRL SHAKER,$14.99,shaker_cups,0_000222,https://posngo.com/shop/client_products/_242_Naka_Platinum_Nutri_NAC_600_mg_BONUS_SIZE_150_VCaps_Image_7_500x.webp
PERFORMA SUPERMAN SHAKER,$14.99,shaker_cups,0_000223,https://posngo.com/shop/client_products/_242_Naka_Platinum_Nutri_NAC_600_mg_BONUS_SIZE_150_VCaps_Image_7_500x.webp
PERFORMA THE ROCK SHAKER,$14.99,shaker_cups,0_000224,https://posngo.com/shop/client_products/_242_Naka_Platinum_Nutri_NAC_600_mg_BONUS_SIZE_150_VCaps_Image_7_500x.webp
PERFORMA WONDERWMN SHAKER,$14.99,shaker_cups,0_000225,https://posngo.com/shop/client_products/_242_Naka_Platinum_Nutri_NAC_600_mg_BONUS_SIZE_150_VCaps_Image_7_500x.webp
NOW SILVER SOL SPRAY 118ML,$22.49,vitamins,0_000226,https://posngo.com/shop/client_products/_242_Naka_Platinum_Nutri_NAC_600_mg_BONUS_SIZE_150_VCaps_Image_7_500x.webp
NR VIT D 3 2500IU 600SG,$31.99,vitamins,0_000227,https://posngo.com/shop/client_products/_242_Naka_Platinum_Nutri_NAC_600_mg_BONUS_SIZE_150_VCaps_Image_7_500x.webp
VITALITY MAG + CHAMOMILE KIDS,$38.99,vitamins,0_000228,https://posngo.com/shop/client_products/_242_Naka_Platinum_Nutri_NAC_600_mg_BONUS_SIZE_150_VCaps_Image_7_500x.webp